joe biden,all heart lost suffering virus bigger one us calls national rallying move laid detail president today can go joebidencom laid detail three pieces all care fact exposed exposed virus testing get testing kits ready
joe biden,health organization id advantage test kits us president coming get all tests can can secondly state union places drivethrough testing arrangements point deal plan additional hospital beds capacity department defense well fema can set hundredbed bed hospitals tents
joe biden,lay all deal economic fallout making people fact lose job dont get paycheck cant pay mortgage pay pay now now small businesses borrow interestfree loans time going hold us tightly assume go joebidencom lays precisely president today
bernie sanders,well thing got im president shut president now undermining doctors scientists help american people unacceptable blabbering unfactual confusing general public second all im glad called state national emergency got move aggressively person country finally understands get sick coronavirus all payments dont worry coming money testing dont worry coming money treatment
bernie sanders,unprecedented moment american history now medicare all fight president now emergency person country understand get sick go doctor get sick virus paid worry cost now middle national emergency
bernie sanders,second all hospitals ventilators ic units now lack medical personnel worry peak capability dealing hundreds thousands people may hospitals unprecedented action now deal unprecedented crisis bottom economic point view got say american people lose job going lose income trump can put fed can put trillion half banking system
bernie sanders,can protect wages worker america
joe biden,health organization offered offered testing kits us now refused buy get wanted best scientists america idea prepared thing point agree bernie situation now providing hospitals going needed needed now
joe biden,system handle surge sitting planning going put temporary hospitals can weve coronavirus weve excuse weve dealing viruses nh well happened africa provided hospitals dealing great pandemics people place go provide equipment protect responders
bernie sanders,jake honest understand coronavirus pandemic exposes incredible weakness dysfunctionality current healthcare system now spending per person healthcare people country gods happen people uninsured underinsured people watching program tonight say im feeling well go doctor cant afford go doctor am sick going cost thousands dollars treatment going feed kids major country earth guarantee healthcare all people
bernie sanders,spending money yet prepared pandemic dont doctors hospitals rural areas shutting people cant afford get prescription drugs bunch crooks running pharmaceutical industry ripping us single day ill now midst epidemic youve got people pharmaceutical industry oh wow opportunity fortune word got go president dont worry people america worry cost prescription drugs worry cost healthcare going get nation civilized democratic society rich poor middleclass get care drug companies rip us
joe biden,administration call meeting situation room all experts america dealing crisis sit exactly listen experts all due respect medicare all singlepayer system italy doesnt work medicare all solve problem all can care now making one pay treatment period crisis one pay drugs needed period crisis one pay hospitalization crisis period national emergency handled
joe biden,working italy now singlepayer system now regard fact position bring leading experts united states piecemeal sit ebola crisis needed one voice one voice day met crisis situation room lay all nation best proposal move forward absence governors making sound decisions best can going healthcare experts communities states move directed white house situation room laying detail ebola crisis
bernie sanders,well all dysfunctionality current healthcare system apparent earlier people hesitate go doctor going maze regulations well income income can get can get clearly prepared trump exacerbates crisis spend per capita healthcare nation one expect doctors all country one expect affordable prescription drugs one expect preparing effectively pandemic ready ventilators icus test kits
bernie sanders,bottom terms medicare all despite vice president experts us one reasons unprepared unprepared dont system got thousands private insurance plans system prepared provide healthcare all people good year epidemic losing people die year dont get doctor time clearly crisis making bad situation worse
joe biden,national crisis national crisis responding all free dont pay thing insurance policy crisis war virus war virus copays pass law pay period
bernie sanders,true matter fact true law enormous loopholes understand nancy pelosi best republicans prevented
bernie sanders,talking joe enormous loopholes fact covering treatment all people america people going stuck bill change going offer legislation fact change
joe biden,may offered legislation laid plan cover exactly covered house laid plan laid deal crisis pay crisis national emergency isnt question covered insurance treasury going pay national emergency
bernie sanders,weakness hypothetical family members diagnosed virus
bernie sanders,terrible tragedy massive anxiety wife virus husband wreck go psychologist get counseling doesnt money kid breaks leg dont money go healthcare now middle crisis year people died america didnt get healthcare dont universal coverage crisis one people america afford prescription drugs suffer die consider crisis bottom simple system exists canada exists countries all american get healthcare discussion can save huge sums money trick guts healthcare industry funding vice presidents campaign courage executives prescription drug industry
bernie sanders,funding campaign
joe biden,national crisis dont get terms politics ive laid plan building obamacare providing public option medicare cover way idea answer mistaken notion plan place crisis attacked abroad great consequence war war needed care people proposed laid detail terms dealing crisis free paid taxpayers generally generally bernies medicare all way
bernie sanders,well use all tools sense national guard folks new york state national guard clearly vice president indicated national emergency worry respond aggressively virus respond aggressively economic fallout global recession
bernie sanders,now illinois ohio memory correct governor closing bars closing restaurants workers millions workers may losing jobs got now trump can provide fed can provide trillion half liquidity banks weve got say worker america dont panic going youll pay mortgage going get check
bernie sanders,going
joe biden,answer call military
joe biden,now capacity provide surge help hospitals needed nation exactly prepared theyve ebola crisis theyve capacity build bed hospitals tents completely safe secure provide help get overflow national emergency call military
bernie sanders,well ebola crisis one thing pandemic far severe impactful country one things remember got lot elderly people country told stay dont leave house going get food get food youve got schools all country now shut going kids well crisis traumatized parents now stay kids cant go work
bernie sanders,bottom crisis got start paying attention vulnerable includes people prison now people homeless shelters now half people homeless tonight going respond now wall street bailout well people top bailed crooks wall street forgot suffering ordinary americans time let us learn lesson let us pay attention working families country
bernie sanders,vulnerable
joe biden,learned lesson lay detail now surging help places vulnerable single person nursing tested moving forces move capability sitting president sitting situation room now question going close well close get prescriptions filled close school children going get school food program going get mortgage paid propose all covered going multimultibillion dollar program things thing care now relating surging kind
joe biden,care now relating surging kind capability prevent great bump terms going pain well moving direction making longterm plan care
bernie sanders,well one consequences got learn lie american people frank nature crisis bothers president united states today mr trump praising china good work fact indicated lying people allowing inaudible case dont time recrimination punishing people now time way working china learning lot crisis fact got work weve got work health organization weve got work italy weve got work countries moment entire got support moment
joe biden,may respond insisted moment broke insist experts china china happening clear china consequences access lead ebola crisis bringing common plan all nations way virus depending exposure leadership international leadership bring insist fundamental change way approaching
bernie sanders,well bottom midst crisis got act unprecedented way country earth going country earth got work pharmaceutical industry big money interests time profiteering time all us working health organization strong organization sad president ignored international community ways including terms international health crisis
joe biden,clear clear united states going major major major bailout package reward corporations reward individuals fact put test problem policies administration economically weve eaten lot seed corn ability us use levers godawful tax cut trillion fact fed consequence now theyve leverage going level american people
joe biden,deal going deal crisis economic crisis critical now let people mortgages going paid rents going paid going childcare going all medical bills cared relating et cetera go going situation meeting daily basis middle financial crisis decide going find wherewithal money hold all folks harmless trump example got great idea well going
bernie sanders,ebola crisis view exposes dysfunctionality healthcare system prepared despite money spent ebola crisis exposing cruelty unjustness economy today income wealth inequality america today time years midst crisis multimillionaire happy crisis going get going get worried healthcare worried income coming
bernie sanders,half people living paycheck paycheck got people struggling working two three jobs put food table going happen lesson learned got move aggressively now address economic crisis result ebola talking ebola got ebola head now result virus coronavirus got understand fragility economy unjust unfair
joe biden,people revolution deal now can making badly hurt terms lose job terms ability care children terms healthcare costs crisis can now now put process system all
joe biden,legitimate concern income equality america real real affect us act swiftly thoroughly concert all forces bring bear deal crisis now thrown one loses mortgage one kicked house one loses paycheck one position financial disability consequence sars crisis
bernie sanders,well nation respond forcefully can current crisis good understanding got go future happen today wealthiest country history half people scared death good agree fact idea originally person country result crisis god crisis going going develop economy half people living paycheck paycheck struggling put food table
joe biden,dont disagree crisis going crisis now incredibly consequential millions millions americans going policy now going solved change deal healthcare got solved emergency now now thing healthcare us tools deal requires us go president terms planning secondly requires us position anticipating happen month weeks terms flow healthcare system bringing military hospital beds training equipment equipment save responders well
joe biden,addition today person laid today person doesnt income today tomorrow paycheck due get paycheck thirdly longterm deal making all badly damaged move move change economy ways profoundly people respond now things
bernie sanders,voted bailout believed illegal behavior people wall street rewarded bailout today way banks prosperous assets large bigger now time midst massive income wealth inequality people top surtax wealthy bail top bailout trillions dollars zero interest loans large banks
bernie sanders,answer question now stabilize economy cant repeat joe voted voted got save banks oil companies job now working person country matter income going suffer result crisis control
joe biden,banks all all people bernie cares deep trouble deep deep trouble all folks wed business theyd find position lose bank savings account saving economy save economy banks paid paid interest agree bernie jail big disagreement terms bailing question paid addition bailing automobile industry saving thousands jobs tens thousands jobs time voted well
bernie sanders,vote bailout money bush protect automobile industry point
bernie sanders,one minute one minute point terms bailout ways can bail handful people incredible wealth prospered illegal behavior individuals case wall street say secretary treasury bailout fine friends pay working people point joe billion tarp program fed trillions trillions dollars zero interest loans financial institution country central banks all essentially grant sell can bring interest rates greater zero interest loans got
joe biden,fact matter fact banks all great depression get now bernies guess hes going wealth tax top pay pay occurred talking tens hundreds billions dollars fact saved economy going depression passed recovery act one got three votes get changed billion thing us going great depression
joe biden,tested coronavirus coronavirus treated held harmless ive argued all woman crosses border beaten husband undocumented deported reports things deport undocumented person one interests folks xenophobic folks interest woman forward man forward deals keeping spread moving rapidly circumstances held accountable deported purpose period
bernie sanders,criticized proposal medicare all introduced includes making undocumented people covered now absurd situation undocumented people try thing sick go doctor dont spread disease now standing thinking ice going deport one things feels comfortable healthcare general principle coronavirus
bernie sanders,second all weve got terrible ice raids terrorizing communities all country thirdly answer question time long overdue country move comprehensive immigration reform path citizenship undocumented day one president restore legal status young people
bernie sanders,well great deal night fireside chat rally love rallies bring thousands people rallies enjoy now fact entire staff working personal level im shaking hands joe shake hands am careful people am interacting im lot soap hand sanitizers get infection say god now symptoms feel grateful
joe biden,well fortunately dont underlying conditions talked worry number one number two god time can happen mother say knock wood im good health number three im all precautions years old years old years old im going shake hands longer engage thing staff all working rallies longer virtual rallies virtual town hall meetings
joe biden,situation now encounter people going crowds im all precautions wash hands god times day hot water soap carry matter fact bag hand sanitizer dont times day use dont touch face im all precautions weve told
joe biden,problems solve now now whats revolution going disrupt senator talks medicare all hasnt told hes going get hasnt told fact possibility happening hadnt told going cost hadnt going apply doesnt kick years passes revolution act now pass biden healthcare plan takes obamacare restores all cuts subsidize provide lower drug prices hidden bills invest invest billion dealing underlying diseases great consequence diabetes alzheimers cancer
joe biden,medicare option public option providing medicare us can now can get passed can get im president united states america fundamental change now can experience consumer healthcare sons family all things weve people hope now years now bernie hasnt told us hes going pay
joe biden,talking trillion plan
bernie sanders,rarely congress media talk reality american life years despite huge increase productivity technology average worker todays making nickel real dollars years richest trillion increase wealth bottom half america billion decline wealth
bernie sanders,bottom half america billion decline wealth major country earth guarantee healthcare all people human major country paid medical family leave tax breaks billionaires halfamillion people homeless today jake dont talk power structure america power ill power people contribute money billionaires contribute money political campaigns control legislative agenda people power
bernie sanders,real changes country create economy works all guarantee quality healthcare all billion profit healthcare industry wall street drug companies insurance companies fossil fuel industry dont campaign contributions create economy works all
joe biden,proposed years ago federally fund all elections healthcare plan changing way deal capital gains people pay capital gains based income tax raise billion pay entire medical healthcare plan cover
joe biden,fact matter call pay supported exorbitant tax cuts wealthy opposed tax cut president put trillion billion time all eliminate safety net
joe biden,idea bernie implies way things speaking negative ads lord bernie running ads im opposed social security politifact flat lie washington post flat lie
bernie sanders,oh well let ask question joe
bernie sanders,floor senate senate years
bernie sanders,time time talking necessity pride cutting social security cutting medicare cutting veterans programs
bernie sanders,all america go website now go youtube now time time fan bowlessimpson
bernie sanders,fan balanced budget amendment called cuts social security joe
bernie sanders,honest guy dont truth all mistakes
joe biden,am telling truth fact am rated social security organizations am viewed strong
joe biden,laid increase social security benefits
bernie sanders,good laid
joe biden,laid am going fact paid
joe biden,go joebidencom exchange paul ryan desire try privatize andor cut social security understand manipulated
bernie sanders,all joe let repeat straight american people am floor senate time time talking cut social security medicare veterans programs true true
joe biden,true true terms negotiations place deal deficit table support cuts social security veterans benefits
bernie sanders,whoa whoa whoa table all including judgment cuts social security veterans
joe biden,order get kinds changes things cut vote
bernie sanders,people helped joe contradict
bernie sanders,joe contradicted one minute excuse one minute floor minute say well yes reason worried deficit good reason all am prepared cut advocated cuts programs
joe biden,voted cut social security
bernie sanders,im talking voting joe
joe biden,voted well voted protect go debate paul ryan vice presidency bernie acknowledge campaign context exchange paul ryan politifact wrong
bernie sanders,yeah well washington post politifact wrong lot times
joe biden,wrong bernie wrong bernie
bernie sanders,joe wait minute ill answer question answer mine
bernie sanders,one time floor time time reason talking cut social security medicare veterans programs
joe biden,talk cut programs
bernie sanders,all say american people go youtube all place joe times im surprised can defend change mind cant deny reality
bernie sanders,incremental adjustments advocated adjustments advocated advocated years things increasing cost living assistance going find calling cuts social security now example determine colas inflation general population segregating higher costs seniors paying prescription drugs healthcare talking
bernie sanders,fact joe enamored socalled bowlessimpson effort included cuts social security raising retirement age formed people barbara boxer defending social security caucus say seniors get year going cut social security
joe biden,two things number one talk bankruptcy bill bankruptcy bill passing overwhelmingly improved choice going pass republican president republican congress offered two amendments people women children go front alimony support payments passed overwhelmingly rest bill improved number one
joe biden,number two ive talked senator warren proposal opportunity weve substantial change get republican administration talked two nights ago supported proposal good proposal solid proposal get credit introduced
joe biden,regard talking terms college education ive long time position years education st century years education exact bill senator sanders introduced guess year ago capping income get free point youd pay college education worked public schools work public universities state support idea good idea support im bernies wrong one
bernie sanders,bit leadership well joe talked bankruptcy joe memory correct helped write bankruptcy bill
bernie sanders,bankruptcy bill way talk education got people america struggling student debt struggling student debt bankruptcy bill impossible difficult people escape student debt bad bill joe majority people senate voted
bernie sanders,overwhelmingly well voted house dont rethink position leadership guts unpopular vote bankruptcy difference joe higher education years ago popular idea joe glad coming now years ago public colleges universities tuition free people bernie radical idea well got states cities counties all country moving direction
bernie sanders,im glad joe board leadership going forward popular idea get criticized im fact im leadership issues joe campaign talked raising minimum wage bucksanhour years ago joe
joe biden,campaigned
joe biden,hour new york city go governor
bernie sanders,talk governor am aware am aware
bernie sanders,all years ago radical idea people congress talking
joe biden,well get straight bankruptcy bill bankruptcy bill affect student debt law passed declare bankruptcy loans private institutions bankruptcy bill affect people bankruptcy bill student loans number one
joe biden,number two now position correct problem fact hadnt stepped changed law relates people making alimony child support guess bucket going pass let finish incrementally better bill support bill clear industry didnt bill
joe biden,number two bill now calls opportunity fundamentally change mistakes correct bill time support elizabeth warrens idea good idea
bernie sanders,well kind circular logic going reform bill voted well hadnt voted rallied people house voting problems today leadership joe deals opposition support say legislation gay communities socalled defense marriage act remember bill remember
bernie sanders,gay marriage today considered bit differently years ago remember vote hard vote voted defense marriage act voted voted bankruptcy bill voted voted war iraq tough vote voted voted disastrous trade agreements nafta pnt all china costs country good paying jobs voted voted hyde amendment denies low income women get abortion consistently voted dont position today consistently voted all im can argue merits bill
bernie sanders,takes courage thing
joe biden,can argue future man voted brady bill times background checks background checks times number one number two man one democrats voted exempt gun industry sued talk special special interest sue drug companies sue tobacco companies sue gun manufacturers voted years ago mistake now im prepared accept mistake
joe biden,question point way add im person go national television administration say supported gay marriage supported gay marriage asked started ripple gay marriage national television
bernie sanders,argue bill im suggesting time crisis live unsettling economically healthcare prospective coronavirus people america record
bernie sanders,years stood working families country special interest white house record joes
joe biden,record mine
bernie sanders,totally record all manifested campaign all money wealthy people billionaires white house life
bernie sanders,special interest im candidate
joe biden,average campaign contribution
joe biden,hes making hard now credit things credit things clear bernie nominee support campaign people support thing existential threat united states america donald trump critical hope bernie thing am nominee encourage all followers fact support well bigger us character nation ballot well senator sanders agree medic healthcare privilege agree deal student debt agree deal education access education agree new green deal deal existential threat faces humanity disagree detail dont disagree principle fundamentally disagree president man cut social security cut medicare bernie president united states bigger im nominee bernies nominee defeat donald trump years donald trump fundamentally change nature nation weve got restore countrys soul essential long president going
bernie sanders,can say word ill respond
bernie sanders,day one announced candidacy country deal president pathological liar running corrupt administration doesnt constitution united states believes hes law racist sexist homophobe dangerous president modern history country
bernie sanders,day one joe day one hope win nomination dont win nomination democratic candidate prepared humanly defeat donald trump
bernie sanders,let respond joe talk green new deal all things general terms details difference campaign dont ive heard say yet joe going save planet kids future generations courage greed fossil fuel industry clear shortterm profits future planet detailed planet detailed proposal happy get endorsement sunrise movement
bernie sanders,cabinet administration america heard half people america women representation cabinet administration terms policies joe consistently believed lifetime voting record groups naral womens control body government believed got move aggressively deal domestic violence country aggressively effectively case women america earning cents dollar compared men minority woman cents dollar
bernie sanders,universal affordable highquality childcare women single married can go work kids going well care agenda berniesanderscom find strong agenda fighting rights women today incredible political assault trump republican governors all country
joe biden,yes number one agree question underlying premise amys question number one commit im elected president opportunity appoint courts ill appoint black woman courts required representation now long overdue secondly im elected president cabinet administration country commit ill pick woman vice president number women qualified president tomorrow pick woman vice president
joe biden,number three im guy wrote domestic violence law im guy put prohibitions one abuses gun period gun get boyfriend exception amended now ive get stay order court child gun one gun abused woman period
bernie sanders,ask joe question now womans control body massive assault unprecedented assault
bernie sanders,joe one occasion voted hyde amendment woman lowincome woman use medicaid funding abortion view modified
joe biden,view view way congress voted hyde amendment one point locked bills reason affirmatively opposed hyde amendment going public funding all healthcare way allow requirement hyde amendment woman doesnt money coverage healthcare
joe biden,number two ago number one number two send desk united states congress im elected president im elected president codification roe v wade amended casey womans choose womans opportunity decision fact ive rating naral well
bernie sanders,excuse lifetime voting record naral
joe biden,record late naral dont years ago
bernie sanders,well all one differences pick bone consistent ive believed im glad youve changed views
bernie sanders,all likelihood nominating woman making progressive women progressive women strong tendency move direction
joe biden,number one long get president get daca well making protect parents well way moving immigration bill well fact vote immigration bill way bernie voted immigration bill voted forward passed wed undocumented citizens speak now send desk bill requires access citizenship undocumented folks number one number two days administration one one deported all point deportations place commissions felonies united states america
joe biden,uniting families making can nation immigrants well nation decent
bernie sanders,let respond ill answer question let respond joes comments immigration bill bill opposed lulac largest latino organization america southern poverty law center called guestworker programs akin slavery vote bill killed vote dorgan amendment voted one joe barack obama understood proposal bad idea dont slavery america workers guestworkers forced say employers
bernie sanders,terms immigration general let outline things day one restore legal status young people parents daca program number two ice raids terrorizing communities all country three changed border policy administration federal agent grab babies arms mothers fourth can pass american people comprehensive immigration reform path citizenship undocumented
bernie sanders,trump total lie talking humane sensible policy supported american people talking open borders course trump lies bottom now country people decades working hard raising kids agricultural economy construction economy good people yet living terror got terror ice raids move path citizenship
joe biden,let set record straight idea slavery barack obama supported immigration bill teddy kennedy supported immigration bill supported doubt people slavery way vote lou dobbs continued canard jobs immigrants jobs americans one republican canards vote ted kennedy slavery slavery people voted slavery
joe biden,regard question relative deal supporting border can deal securing border national technical all bad things coming ports entry now dont wall way president surge border notion time history people seeking asylum squalor side river desperate situation united states judgment qualify surge border immigration judges decisions one one put jail waiting hearing
bernie sanders,kind ive entire campaign
bernie sanders,border hundreds administrative judges deal people seeking asylum based international law dividing children parents dividing families humane border policy ill speak son immigrant father country poland age nickel pocket speak english didnt education day one demonization ugly demonization white house immigrant community country weve got president divide us administration brings people black white latino native american asian american
bernie sanders,course one things process psychological terror ive talked kids kids scared death america school mom dad may may deported day one ice raids harmful people american people us im son immigrant country built immigrant labor built slave labor got appreciate demonization divisiveness coming trump administration
joe biden,can add one thing
joe biden,nation immigrants future rests latino community fully integrated children school today kindergarten high school latino now today idea american thinks doesnt pay us invest future absolutely bizarre notion invest wealthy concerned xenophobes concerned fact get worse better embracing bringing happened irish immigrants famine happened italians et cetera weve xenophobia disease
bernie sanders,well course scientists telling us scientists point jake telling us dont get act years irreversible damage planet talking cities america miami new orleans charleston south carolina underwater talking severe droughts prevent farmers midwest growing food talking extreme weather disturbances hit houston texas venice italy months ago
bernie sanders,talking absolute hear joes position middle ground thing building solar panels wind turbines transforming energy system humanly can fossil fuel insane continue fracking america absurd tens billions dollars year tax breaks subsidies fossil fuel industry got now love kids future generations
joe biden,thing president obama summoned state department excuse defense department meet all chiefs single greatest threat national security climate change single greatest threat national security populations move can longer live islands sinking saw happened darfur change weather patterns deserted war great migrations great migrations single biggest problem number two awful lot people today fact ill changes environment bernie lives im northeast beetle infestation range things causing diseases well addition eliminating foliage
joe biden,yes ambitious tackle crisis go joebidencom lay things elected number one going reinstate all cuts president cafe standards far automobiles can go investing light rail cars road making position now position put charging stations areas silence all new highways built making spent billion year silence federal government paying transportation vehicles all converted low carbon fuel andor carbon fuel all move direction all carbon free can things can lay tracks can changed president president one
joe biden,addition rejoin paris climate accord helped put call nations nations major polluters united states days ante clear fact didnt price pay lastly now organizing hemisphere provide billion amazon brazil longer burn amazon forests longer forests farming say going region burning admit one entire year per year
bernie sanders,all well good mentioned started debate talking warlike situation terms coronavirus act act dramatically boldly going save lives country climate change exactly way question reentering paris accord fine cares big deal deal now courage point im all night long healthcare industry profits healthcare all fossil fuel industry
bernie sanders,terms fossil fuel industry guys lying theyve lying years tobacco industry lied years ago oh dont fossil fuels oil carbon emissions causing climate change knew exxonmobil knew lied fact held criminally accountable jake issue enormous consequence joe question money minute time talk shaking event
joe biden,number one subsidies fossil fuel industry drilling federal lands drilling including offshore ability oil industry continue drill period ends number one number two situation well move rapidly change dynamic terms can set motion fact climate change paris accord doesnt get exactly problem problem can deal internationally can bring can move direction fact violate commitment pay economic price whats happening china exporting coal coal
bernie sanders,paris accord doesnt go laughing joe missing point
bernie sanders,existential crisis
bernie sanders,talk im talking stopping fracking can im talking telling fossil fuel industry going destroying planet ifs buts maybes im talking speaking
bernie sanders,china well im proposal im talking speaking china russia countries all moment making point spending trillion weapons destruction designed kill pool resources fight common enemy climate change heart place requires dramatic bold action weve got fossil fuel industry plan
joe biden,plan takes fossil fuel industry unites got finished whats going hes going bring countries making clear im bring live commitments dont live commitments pay financial price pay economic price can state three feet sea level dont lecture whats going happen rising seas watched delmarva peninsula south carolina rest bit wrote climate change bill congress politifact game changer im guy dick lugar going trade well forgive debt dont cut fars ive way ahead curve idea all sudden bernie amazing
bernie sanders,bernie didnt find bernie listening scientists talking making countries fulfill commitments commitments moment joe scientists telling us underestimated severity crisis wrong problem severe all im fighting future planet wellbeing kids future generations continue understand joe believes continue fracking correct im wrong now bringing fossil fuel industry going move aggressively win solar sustainable energies
joe biden,new fracking way recovery act invested billion making brought price solar wind lower price coal new coal plant built watching number one number two situation fact ability lay tracks one can change dynamic talking things ive talking years high speed rail millions automobiles road making move direction drilling federal lands making invest changing entire fleet
joe biden,united states military
bernie sanders,invest unprecedented way unprecedented way started talking trillion investment lot money ive criticized dont alternative playing future planet weve got dramatic dramatic massive investments wind solar sustainable energies general development making buildings all country state vermont country got lot old buildings can put millions
bernie sanders,opposed authoritarianism cuba saudi arabia china russia life record president united states democracy authoritarianism cuba place
bernie sanders,now faced global crisis movement authoritarianism putin russia leading mbs saudi arabia leading president united states donald trump put flag say country got move democracy human rights view view
bernie sanders,well can point china china undoubtedly authoritarian society deny economists deny extreme poverty china today years ago fact condemn authoritarianism china russia cuba place simply say administrations positive impact people incorrect
joe biden,change cuban policies cuban people get thumb castro brother change policy can impact cubas policy opened praising sandinistas praising cuba praising now china china authoritarian dictatorship deal
joe biden,idea fact increased wealth people country marginal change place uyghurs muslims prison camps west whats happening hong kong today way idea praised soviet union soviet union things well awful dictatorship killing millions millions people
joe biden,addition circumstance election all knew russians now interfering elections man voted sanctioning russia interference elections
bernie sanders,well dont get exactly problem politics all question china progress extreme poverty years
joe biden,jack ripper
bernie sanders,joe problem
bernie sanders,problem cant talk political understand chinas terrible awful good inaudible fact matter china course authoritarian state
bernie sanders,minutes ago way question asked quoted barack obama president obama generous praise cuba healthcare education talking program years ago year castro revolution
bernie sanders,bottom bit absurd going way course opposed authoritarian way considered good policy good idea condemning dictatorship saudi arabia lot people washington
bernie sanders,condemning dictatorship uae
joe biden,idea occasionally nice country one thing idea praising country violating human rights fact allies wonder whats going south koreans praises china australians shadow china happening indonesia shadow china happening terms japan shadow china matter flat dictators period called straight may work
joe biden,example help negotiate new start agreement russia putin guy thug
joe biden,learned cant word president fact assured use force remember context context united nations security council going vote insist allow inspectors determine fact producing nuclear weapons weapons mass destruction
joe biden,whats thing happened got elected president obama turned get troops hours responsible combat troops iraq admitted years ago spect trusted im prepared compare foreign policy credentials friend day week day week
bernie sanders,start war iraq joe house understood way clear vote signing ceremony bush knew voted resolution bush authority go war knew exactly cheney wanted
bernie sanders,people issue closely understood bush administration lying teeth regard saddam weapons mass destruction understood floor house time time issue war iraq long time ago issue trade agreement easy lead effort disastrous trade agreements
bernie sanders,issue bankruptcy bill supported issue hyde amendment issue defense marriage act issue difficult times god difficult times going courage powerful special interest whats working families country
joe biden,vote sanction russians
bernie sanders,talking iran tied iran russia iran john kerry indicated support undermining iranian agreement
bernie sanders,reason condemned russia time time
joe biden,fact idea fact supported things suggested accurate im guy helped put iran deal got inspectors chief staff guy foreign policy guy negotiation guy helped put nation organization isis iraq syria ive dealt folks good guys bad guys
joe biden,fact bernies notion embraces folks sandinistas cuba soviet union talks good things china absolutely contrary message send rest
bernie sanders,led effort all forms authoritarianism including americas socalled allies uae saudi arabia fact may worked conservative republicans utilize time war powers act get united states horrific war yemen led saudi arabia view moving authoritarianism united states got leader people all us guidance
joe biden,well message resonated board single state weve turnout virginia turnout voted didnt bring brought number two whats happened mississippi whats happened north carolina whats happened washington state whats happening board im winning all places whats reason whats reason reason am democrat capital d fact believes base base democratic party hardworking men women fact high school educated african americans minorities including hispanics all minorities suburban women people fact sense place am winning winning overwhelmingly winning close places
bernie sanders,happening point decided president imperative defeat trump campaign biracial bigenerational multigenerational grassroots movement way now won states joe won states winning winning ideological struggle states mississippi joe won major victory turns pretty good majority folks medicare true state country
bernie sanders,issue dont talk winning generational struggle depending state winning people years age younger big time people years age younger frankly doubts
bernie sanders,lose thing joe wins joe doubts win general election trump tough opponent energy excitement largest voter turnout history going bring young people great voters dont vote kinds numbers political process going bring latinos great people agenda dont vote numbers doubts vice president bidens campaign can generate energy excitement voter turnout
joe biden,way get straight energy excitement place far turnout increased virginia can go list coming didnt money compete man states virtually money press biden money net money idea reason understand happen
joe biden,way idea supports medicare all hadnt indicated going cost people hes yet exactly whats going point people dont detail all fact am winning
joe biden,overwhelmingly democratic constituencies board
bernie sanders,well hearts go move aggressively person country virus thinks virus understands get all healthcare americans move aggressively test kits ventilators icu units medical personnel
bernie sanders,jake say moment economic uncertainty addition coronavirus time ask get lack preparation virus economy people hurting time massive income wealth inequality time ask question power america owns media owns economy owns legislative process tax breaks billionaires raise minimum wage
bernie sanders,pump oil industry half people homeless america time move aggressively dealing coronavirus crisis deal economic fallout time rethink america create country care nation greed corruption place corporate elite
joe biden,number one outset cant imagine people going now lost cant imagine people going mom example good friend sitting window nursing mom cant go sign language mom window talk guess can imagine fear concern people number one one things understand all hands deck jake outset bigger individual bigger america bring people kind sacrifices get foremost start listen science
joe biden,met id today id sitting situation room literally day outset crises white house pulling best people united states say prescriptive moves now lessen virus beat go point can save lives get people tested get people kind care
joe biden,economic impact fact rendered harmless fact paycheck met paycheck people going people homes dont mortgage payments dont rent payments making going care education way education systems closing now things
joe biden,addition best science telling us can stay open closed earlier idea closing schools understand provide lunches people fact school lunch program get idea close place can understand decision close places people gather open drug store can get prescription deal things going whats way national standard coming situation room now
joe biden,way single thing can deal larger problem road income inequality get rid donald trump donald trump hes exacerbated single one problems urgent going hold people harmless damage consequence virus
